{
  "n_iterations": 100,
  "successful_iterations": 86,
  "results": [
    4975884.71906849,
    5392086.17535525,
    5236408.70401601,
    4785752.62916518,
    4520458.49335717,
    5243785.31296259,
    4867998.25599552,
    5469817.13975126,
    4773532.65697887,
    4531655.51967118,
    5487245.17369091,
    5346022.89007445,
    4995020.31915266,
    5451763.19738664,
    5461655.0409182,
    5044694.92103972,
    4736739.21814342,
    4581509.29560475,
    5141105.27930567,
    4825451.29078475,
    5071449.64679921,
    4887051.81539257,
    4720910.13591217,
    5618306.01198183,
    5225031.95491957,
    5545771.24886424,
    4619281.00288508,
    4804237.45787038,
    5339787.92983764,
    5174698.48745003,
    5450815.91625477,
    5022750.20657302,
    4856085.47293979,
    5557173.68304237,
    4785101.74150285,
    5315758.0230846,
    4633854.81911136,
    5566136.06650113,
    5716502.85552079,
    4738172.53696537,
    5269766.34638606,
    4934192.69186053,
    4700019.81962695,
    5257122.16104586,
    5312744.86615123,
    4926995.08968075,
    5663448.90676185,
    4962274.655327,
    5011820.97215739,
    5347444.15812862,
    5358157.76628358,
    4553444.48371927,
    4837633.1939918,
    4699165.66274635,
    5668729.68517135,
    4700076.27353334,
    4808189.02871732,
    5141942.58373846,
    5039881.4384852,
    4873683.15575977,
    5230470.5482819,
    4723361.27029689,
    5629046.11666909,
    5033388.12664535,
    4974984.53724055,
    4706821.56203114,
    4751924.35539601,
    5021289.07294507,
    5198227.17587545,
    4920740.987344,
    4652547.03270511,
    5529542.42296666,
    5193841.22693366,
    5211760.08804,
    4685415.92741361,
    4995882.35348664,
    5383306.33873281,
    5327356.81636379,
    4916011.37372756,
    5291892.28000088,
    4776288.68418025,
    4904408.60035467,
    5049093.82817232,
    5202677.633222,
    4909106.74648124,
    5731552.69251763
  ],
  "all_data": [
    [
      0.11394267984578837,
      0.0005002151044533387,
      4975884.71906849,
      12408690.07249,
      0.599
    ],
    [
      0.12364712141640123,
      0.013533989748458226,
      5392086.17535525,
      12625825.80609,
      0.572932
    ],
    [
      0.13921795677048454,
      0.001738776652588323,
      5236408.70401601,
      12978176.51524,
      0.596522
    ],
    [
      0.09219218196852705,
      0.0005959443887614069,
      4785752.62916518,
      11928833.64864,
      0.598808
    ],
    [
      0.05265359696838637,
      0.00397675301373297,
      4520458.49335717,
      11080804.43716,
      0.592046
    ],
    [
      0.11498844377795232,
      0.010898829612064334,
      5243785.31296259,
      12431982.40144,
      0.578202
    ],
    [
      0.07204406220406967,
      0.011785313677518174,
      4867998.25599552,
      11492783.37936,
      0.57643
    ],
    [
      0.13058192518328077,
      0.013962787899764538,
      5469817.13975126,
      12782156.58724,
      0.572074
    ],
    [
      0.08402505165179919,
      0.003109589996235631,
      4773532.65697887,
      11751102.00625,
      0.59378
    ],
    [
      0.059274584338014795,
      0.0019343275366692802,
      4531655.51967118,
      11220635.25625,
      0.596132
    ],
    [
      0.130712827327438,
      0.014594635733876357,
      5487245.17369091,
      12785118.88369,
      0.57081
    ],
    [
      0.10362280914547006,
      0.019462315279587413,
      5346022.89007445,
      12179837.26129,
      0.561076
    ],
    [
      0.08785343772083534,
      0.01104081262546454,
      4995020.31915266,
      11834241.49609,
      0.577918
    ],
    [
      0.1329404664252995,
      0.012370395047284922,
      5451763.19738664,
      12835530.436,
      0.57526
    ],
    [
      0.13617069003107773,
      0.011547042905135241,
      5461655.0409182,
      12908845.41241,
      0.576906
    ],
    [
      0.12045718362149234,
      0.0009164876731132443,
      5044694.92103972,
      12554238.88849,
      0.598168
    ],
    [
      0.07278982756515469,
      0.005787759272042143,
      4736739.21814342,
      11508783.841,
      0.588424
    ],
    [
      0.057979197692362754,
      0.004655817727220604,
      4581509.29560475,
      11193195.64441,
      0.590688
    ],
    [
      0.11356844442644001,
      0.007296643579401685,
      5141105.27930567,
      12400336.90624,
      0.585406
    ],
    [
      0.08701809671168827,
      0.004190140615429754,
      4825451.29078475,
      11816081.32324,
      0.59162
    ],
    [
      0.07669778220491133,
      0.01873309175424988,
      5071449.64679921,
      11592785.83204,
      0.562534
    ],
    [
      0.0671138648198097,
      0.014582535959006984,
      4887051.81539257,
      11387322.88996,
      0.570834
    ],
    [
      0.06634024937619284,
      0.007589108835152956,
      4720910.13591217,
      11370809.956,
      0.584822
    ],
    [
      0.1489523350636595,
      0.012799995197081858,
      5618306.01198183,
      13200906.98304,
      0.5744
    ],
    [
      0.10569497437746461,
      0.013692285019797492,
      5225031.95491957,
      12225614.33025,
      0.572616
    ],
    [
      0.13428519201898095,
      0.015519998230924897,
      5545771.24886424,
      12866024.61225,
      0.56896
    ],
    [
      0.07290480719641043,
      0.0006420048780807553,
      4619281.00288508,
      11511251.39025,
      0.598716
    ],
    [
      0.08154530480590819,
      0.005354817519514055,
      4804237.45787038,
      11697395.87025,
      0.58929
    ],
    [
      0.13763676264726687,
      0.006293557615969558,
      5339787.92983764,
      12942179.43769,
      0.587412
    ],
    [
      0.115543866529488,
      0.007912638021213286,
      5174698.48745003,
      12444384.15936,
      0.584174
    ],
    [
      0.14145475897405435,
      0.009177037051747976,
      5450815.91625477,
      13029195.17025,
      0.581646
    ],
    [
      0.10613681341631508,
      0.005254832170458705,
      5022750.20657302,
      12235390.62769,
      0.58949
    ],
    [
      0.08994005051403972,
      0.0043864151831456664,
      4856085.47293979,
      11879692.036,
      0.591228
    ],
    [
      0.14975376064951101,
      0.010190525873529291,
      5557173.68304237,
      13219342.60516,
      0.579618
    ],
    [
      0.06096491303506592,
      0.0125489208340618,
      4785101.74150285,
      11256467.31225,
      0.574902
    ],
    [
      0.1292079364362964,
      0.008443199335993681,
      5315758.0230846,
      12751107.07264,
      0.583114
    ],
    [
      0.05635277061519572,
      0.007632385730130736,
      4633854.81911136,
      11158816.60609,
      0.584736
    ],
    [
      0.1496121380240097,
      0.01058228690198274,
      5566136.06650113,
      13216077.50544,
      0.578836
    ],
    [
      0.14710783776136183,
      0.01721559404468996,
      5716502.85552079,
      13158567.63664,
      0.565568
    ],
    [
      0.051148102194281966,
      0.014414436387203893,
      4738172.53696537,
      11049121.17904,
      0.571172
    ],
    [
      0.11817103690265747,
      0.010739406608175904,
      5269766.34638606,
      12503063.85241,
      0.578522
    ],
    [
      0.07668251899525427,
      0.012819235971596161,
      4934192.69186053,
      11592462.82489,
      0.574362
    ],
    [
      0.06115521735958765,
      0.0086953050133821,
      4700019.81962695,
      11260499.34025,
      0.58261
    ],
    [
      0.09537237063292064,
      0.019076318550421602,
      5257122.16104586,
      11998398.18384,
      0.561848
    ],
    [
      0.13758529403781938,
      0.005267781015021815,
      5312744.86615123,
      12940996.32225,
      0.589464
    ],
    [
      0.10005861130502983,
      0.0035730376106026273,
      4926995.08968075,
      12101298.03481,
      0.592854
    ],
    [
      0.14126278393448205,
      0.01741037139673534,
      5663448.90676185,
      13024812.35169,
      0.56518
    ],
